--------------------
-- Character Tables 
--------------------

--Army
INSERT INTO PUBLIC.T2K_ARMY (ID,NAME,FACTION_ID) VALUES(0,'U.S.',128);
INSERT INTO PUBLIC.T2K_ARMY (ID,NAME,FACTION_ID) VALUES(1,'British',128);
INSERT INTO PUBLIC.T2K_ARMY (ID,NAME,FACTION_ID) VALUES(2,'Canadian',128);
INSERT INTO PUBLIC.T2K_ARMY (ID,NAME,FACTION_ID) VALUES(3,'German',128);
INSERT INTO PUBLIC.T2K_ARMY (ID,NAME,FACTION_ID) VALUES(4,'Danish',128);
INSERT INTO PUBLIC.T2K_ARMY (ID,NAME,FACTION_ID) VALUES(5,'Polish',129);
INSERT INTO PUBLIC.T2K_ARMY (ID,NAME,FACTION_ID) VALUES(6,'Hungarian',129);
INSERT INTO PUBLIC.T2K_ARMY (ID,NAME,FACTION_ID) VALUES(7,'Czech',129);
INSERT INTO PUBLIC.T2K_ARMY (ID,NAME,FACTION_ID) VALUES(8,'Soviet',129);
COMMIT;

--Nationality
INSERT INTO PUBLIC.T2K_NATIONALITY (ID,NAME,ARMY_ID,FACTION_ID) VALUES(0,'American',0,128);
INSERT INTO PUBLIC.T2K_NATIONALITY (ID,NAME,ARMY_ID,FACTION_ID) VALUES(1,'English',1,128);
INSERT INTO PUBLIC.T2K_NATIONALITY (ID,NAME,ARMY_ID,FACTION_ID) VALUES(2,'Welsh',1,128);
INSERT INTO PUBLIC.T2K_NATIONALITY (ID,NAME,ARMY_ID,FACTION_ID) VALUES(3,'Scottish',1,128);
INSERT INTO PUBLIC.T2K_NATIONALITY (ID,NAME,ARMY_ID,FACTION_ID) VALUES(4,'Irish',1,128);
INSERT INTO PUBLIC.T2K_NATIONALITY (ID,NAME,ARMY_ID,FACTION_ID) VALUES(5,'Anglo-Canadian',2,128);
INSERT INTO PUBLIC.T2K_NATIONALITY (ID,NAME,ARMY_ID,FACTION_ID) VALUES(6,'French-Canadian',2,128);
INSERT INTO PUBLIC.T2K_NATIONALITY (ID,NAME,ARMY_ID,FACTION_ID) VALUES(7,'German',3,128);
INSERT INTO PUBLIC.T2K_NATIONALITY (ID,NAME,ARMY_ID,FACTION_ID) VALUES(8,'Danish',4,128);
INSERT INTO PUBLIC.T2K_NATIONALITY (ID,NAME,ARMY_ID,FACTION_ID) VALUES(9,'Polish',5,129);
INSERT INTO PUBLIC.T2K_NATIONALITY (ID,NAME,ARMY_ID,FACTION_ID) VALUES(10,'Hungarian',6,129);
INSERT INTO PUBLIC.T2K_NATIONALITY (ID,NAME,ARMY_ID,FACTION_ID) VALUES(11,'Czech',7,129);
INSERT INTO PUBLIC.T2K_NATIONALITY (ID,NAME,ARMY_ID,FACTION_ID) VALUES(12,'Slovak',7,129);
INSERT INTO PUBLIC.T2K_NATIONALITY (ID,NAME,ARMY_ID,FACTION_ID) VALUES(13,'Russian',8,129);
INSERT INTO PUBLIC.T2K_NATIONALITY (ID,NAME,ARMY_ID,FACTION_ID) VALUES(14,'Azerbaijani',8,129);
INSERT INTO PUBLIC.T2K_NATIONALITY (ID,NAME,ARMY_ID,FACTION_ID) VALUES(15,'Ukrainian',8,129);
INSERT INTO PUBLIC.T2K_NATIONALITY (ID,NAME,ARMY_ID,FACTION_ID) VALUES(16,'Byelorussian',8,129);
INSERT INTO PUBLIC.T2K_NATIONALITY (ID,NAME,ARMY_ID,FACTION_ID) VALUES(17,'Georgian',8,129);
INSERT INTO PUBLIC.T2K_NATIONALITY (ID,NAME,ARMY_ID,FACTION_ID) VALUES(18,'Uzbek',8,129);
INSERT INTO PUBLIC.T2K_NATIONALITY (ID,NAME,ARMY_ID,FACTION_ID) VALUES(19,'Lithuanian',8,129);
INSERT INTO PUBLIC.T2K_NATIONALITY (ID,NAME,ARMY_ID,FACTION_ID) VALUES(20,'Romanian',8,129);
INSERT INTO PUBLIC.T2K_NATIONALITY (ID,NAME,ARMY_ID,FACTION_ID) VALUES(21,'Latvian',8,129);
INSERT INTO PUBLIC.T2K_NATIONALITY (ID,NAME,ARMY_ID,FACTION_ID) VALUES(22,'Kazakh',8,129);
INSERT INTO PUBLIC.T2K_NATIONALITY (ID,NAME,ARMY_ID,FACTION_ID) VALUES(23,'Chuvash',8,129);
INSERT INTO PUBLIC.T2K_NATIONALITY (ID,NAME,ARMY_ID,FACTION_ID) VALUES(24,'Armenian',8,129);
INSERT INTO PUBLIC.T2K_NATIONALITY (ID,NAME,ARMY_ID,FACTION_ID) VALUES(25,'Estonian',8,129);
INSERT INTO PUBLIC.T2K_NATIONALITY (ID,NAME,ARMY_ID,FACTION_ID) VALUES(26,'Kirgiz',8,129);
INSERT INTO PUBLIC.T2K_NATIONALITY (ID,NAME,ARMY_ID,FACTION_ID) VALUES(27,'Tartar',8,129);
INSERT INTO PUBLIC.T2K_NATIONALITY (ID,NAME,ARMY_ID,FACTION_ID) VALUES(28,'Mordvinian',8,129);
INSERT INTO PUBLIC.T2K_NATIONALITY (ID,NAME,ARMY_ID,FACTION_ID) VALUES(29,'Taijik',8,129);
INSERT INTO PUBLIC.T2K_NATIONALITY (ID,NAME,ARMY_ID,FACTION_ID) VALUES(30,'Turkoman',8,129);
INSERT INTO PUBLIC.T2K_NATIONALITY (ID,NAME,ARMY_ID,FACTION_ID) VALUES(31,'Other',8,129);
COMMIT;

--Attributes
INSERT INTO PUBLIC.T2K_ATTRIBUTE VALUES(0, 'Strength', 'STR');
INSERT INTO PUBLIC.T2K_ATTRIBUTE VALUES(1, 'Agility', 'AGL');
INSERT INTO PUBLIC.T2K_ATTRIBUTE VALUES(2, 'Constitution', 'CON');
INSERT INTO PUBLIC.T2K_ATTRIBUTE VALUES(3, 'Intelligence', 'INT');
INSERT INTO PUBLIC.T2K_ATTRIBUTE VALUES(4, 'Education', 'EDU');
INSERT INTO PUBLIC.T2K_ATTRIBUTE VALUES(5, 'Charisma', 'CHR');
COMMIT;

--Skills

--STR
INSERT INTO PUBLIC.T2K_SKILL (ID,NAME,CONTROLLINGATTRIBUTE_ID,SKILLGROUP_ID) VALUES(0,'Aircraft Mechanic',0,0);
INSERT INTO PUBLIC.T2K_SKILL (ID,NAME,CONTROLLINGATTRIBUTE_ID,SKILLGROUP_ID) VALUES(1,'Archery',0,0);
INSERT INTO PUBLIC.T2K_SKILL (ID,NAME,CONTROLLINGATTRIBUTE_ID,SKILLGROUP_ID) VALUES(2,'Armed Martial Arts',0,0);
INSERT INTO PUBLIC.T2K_SKILL (ID,NAME,CONTROLLINGATTRIBUTE_ID,SKILLGROUP_ID) VALUES(3,'Autogun',0,0);
INSERT INTO PUBLIC.T2K_SKILL (ID,NAME,CONTROLLINGATTRIBUTE_ID,SKILLGROUP_ID) VALUES(4,'Grenade Launcher',0,0);
INSERT INTO PUBLIC.T2K_SKILL (ID,NAME,CONTROLLINGATTRIBUTE_ID,SKILLGROUP_ID) VALUES(5,'Heavy Artillery',0,0);
INSERT INTO PUBLIC.T2K_SKILL (ID,NAME,CONTROLLINGATTRIBUTE_ID,SKILLGROUP_ID) VALUES(6,'Heavy Gun',0,0);
INSERT INTO PUBLIC.T2K_SKILL (ID,NAME,CONTROLLINGATTRIBUTE_ID,SKILLGROUP_ID) VALUES(7,'Mechanic',0,0);
INSERT INTO PUBLIC.T2K_SKILL (ID,NAME,CONTROLLINGATTRIBUTE_ID,SKILLGROUP_ID) VALUES(8,'Small Arms (Pistol)',0,1);
INSERT INTO PUBLIC.T2K_SKILL (ID,NAME,CONTROLLINGATTRIBUTE_ID,SKILLGROUP_ID) VALUES(9,'Small Arms (Rifle)',0,1);
INSERT INTO PUBLIC.T2K_SKILL (ID,NAME,CONTROLLINGATTRIBUTE_ID,SKILLGROUP_ID) VALUES(10,'Thrown Weapon',0,0);
INSERT INTO PUBLIC.T2K_SKILL (ID,NAME,CONTROLLINGATTRIBUTE_ID,SKILLGROUP_ID) VALUES(11,'Unarmed Martial Arts',0,0);

--EDU
INSERT INTO PUBLIC.T2K_SKILL (ID,NAME,CONTROLLINGATTRIBUTE_ID,SKILLGROUP_ID) VALUES(12,'Biology',4,0);
INSERT INTO PUBLIC.T2K_SKILL (ID,NAME,CONTROLLINGATTRIBUTE_ID,SKILLGROUP_ID) VALUES(13,'Chemistry',4,0);
INSERT INTO PUBLIC.T2K_SKILL (ID,NAME,CONTROLLINGATTRIBUTE_ID,SKILLGROUP_ID) VALUES(14,'Civil Engineer',4,0);
INSERT INTO PUBLIC.T2K_SKILL (ID,NAME,CONTROLLINGATTRIBUTE_ID,SKILLGROUP_ID) VALUES(15,'Computer',4,0);
INSERT INTO PUBLIC.T2K_SKILL (ID,NAME,CONTROLLINGATTRIBUTE_ID,SKILLGROUP_ID) VALUES(16,'Electronics',4,0);
INSERT INTO PUBLIC.T2K_SKILL (ID,NAME,CONTROLLINGATTRIBUTE_ID,SKILLGROUP_ID) VALUES(17,'Excavation',4,0);
INSERT INTO PUBLIC.T2K_SKILL (ID,NAME,CONTROLLINGATTRIBUTE_ID,SKILLGROUP_ID) VALUES(18,'Geology',4,0);
INSERT INTO PUBLIC.T2K_SKILL (ID,NAME,CONTROLLINGATTRIBUTE_ID,SKILLGROUP_ID) VALUES(19,'Medical (Diagnosis)',4,2);
INSERT INTO PUBLIC.T2K_SKILL (ID,NAME,CONTROLLINGATTRIBUTE_ID,SKILLGROUP_ID) VALUES(20,'Medical (Trauma Aid)',4,2);
INSERT INTO PUBLIC.T2K_SKILL (ID,NAME,CONTROLLINGATTRIBUTE_ID,SKILLGROUP_ID) VALUES(21,'Medical (Surgery)',4,0);
INSERT INTO PUBLIC.T2K_SKILL (ID,NAME,CONTROLLINGATTRIBUTE_ID,SKILLGROUP_ID) VALUES(22,'Metallurgy',4,0);
INSERT INTO PUBLIC.T2K_SKILL (ID,NAME,CONTROLLINGATTRIBUTE_ID,SKILLGROUP_ID) VALUES(23,'Meteorology',4,0);

--CON
INSERT INTO PUBLIC.T2K_SKILL (ID,NAME,CONTROLLINGATTRIBUTE_ID,SKILLGROUP_ID) VALUES(24,'Climbing',2,0);
INSERT INTO PUBLIC.T2K_SKILL (ID,NAME,CONTROLLINGATTRIBUTE_ID,SKILLGROUP_ID) VALUES(25,'Combat Engineer',2,0);
INSERT INTO PUBLIC.T2K_SKILL (ID,NAME,CONTROLLINGATTRIBUTE_ID,SKILLGROUP_ID) VALUES(26,'Parachute',2,0);
INSERT INTO PUBLIC.T2K_SKILL (ID,NAME,CONTROLLINGATTRIBUTE_ID,SKILLGROUP_ID) VALUES(27,'Riding',2,0);
INSERT INTO PUBLIC.T2K_SKILL (ID,NAME,CONTROLLINGATTRIBUTE_ID,SKILLGROUP_ID) VALUES(28,'Scuba',2,0);
INSERT INTO PUBLIC.T2K_SKILL (ID,NAME,CONTROLLINGATTRIBUTE_ID,SKILLGROUP_ID) VALUES(29,'Small Watercraft',2,0);
INSERT INTO PUBLIC.T2K_SKILL (ID,NAME,CONTROLLINGATTRIBUTE_ID,SKILLGROUP_ID) VALUES(30,'Swimming',2,0);

--CHR
INSERT INTO PUBLIC.T2K_SKILL (ID,NAME,CONTROLLINGATTRIBUTE_ID,SKILLGROUP_ID) VALUES(31,'Disguise',5,0);
INSERT INTO PUBLIC.T2K_SKILL (ID,NAME,CONTROLLINGATTRIBUTE_ID,SKILLGROUP_ID) VALUES(32,'Instruction',5,0);
INSERT INTO PUBLIC.T2K_SKILL (ID,NAME,CONTROLLINGATTRIBUTE_ID,SKILLGROUP_ID) VALUES(33,'Interrogation',5,0);
INSERT INTO PUBLIC.T2K_SKILL (ID,NAME,CONTROLLINGATTRIBUTE_ID,SKILLGROUP_ID) VALUES(34,'Leadership',5,0);
INSERT INTO PUBLIC.T2K_SKILL (ID,NAME,CONTROLLINGATTRIBUTE_ID,SKILLGROUP_ID) VALUES(35,'Persuasion',5,0);

--AGL
INSERT INTO PUBLIC.T2K_SKILL (ID,NAME,CONTROLLINGATTRIBUTE_ID,SKILLGROUP_ID) VALUES(36,'Acrobatics',1,0);
INSERT INTO PUBLIC.T2K_SKILL (ID,NAME,CONTROLLINGATTRIBUTE_ID,SKILLGROUP_ID) VALUES(37,'Forgery',1,0);
INSERT INTO PUBLIC.T2K_SKILL (ID,NAME,CONTROLLINGATTRIBUTE_ID,SKILLGROUP_ID) VALUES(38,'Ground Vehicle (Motorcycle)',1,4);
INSERT INTO PUBLIC.T2K_SKILL (ID,NAME,CONTROLLINGATTRIBUTE_ID,SKILLGROUP_ID) VALUES(39,'Ground Vehicle (Tracked)',1,4);
INSERT INTO PUBLIC.T2K_SKILL (ID,NAME,CONTROLLINGATTRIBUTE_ID,SKILLGROUP_ID) VALUES(40,'Ground Vehicle (Wheeled)',1,4);
INSERT INTO PUBLIC.T2K_SKILL (ID,NAME,CONTROLLINGATTRIBUTE_ID,SKILLGROUP_ID) VALUES(41,'Gunsmith',1,0);
INSERT INTO PUBLIC.T2K_SKILL (ID,NAME,CONTROLLINGATTRIBUTE_ID,SKILLGROUP_ID) VALUES(42,'Hovercraft',1,0);
INSERT INTO PUBLIC.T2K_SKILL (ID,NAME,CONTROLLINGATTRIBUTE_ID,SKILLGROUP_ID) VALUES(43,'Intrusion',1,0);
INSERT INTO PUBLIC.T2K_SKILL (ID,NAME,CONTROLLINGATTRIBUTE_ID,SKILLGROUP_ID) VALUES(44,'Machinist',1,0);
INSERT INTO PUBLIC.T2K_SKILL (ID,NAME,CONTROLLINGATTRIBUTE_ID,SKILLGROUP_ID) VALUES(45,'Pilot (Fixed-Wing)',1,5);
INSERT INTO PUBLIC.T2K_SKILL (ID,NAME,CONTROLLINGATTRIBUTE_ID,SKILLGROUP_ID) VALUES(46,'Pilot (Rotary-Wing)',1,5);
INSERT INTO PUBLIC.T2K_SKILL (ID,NAME,CONTROLLINGATTRIBUTE_ID,SKILLGROUP_ID) VALUES(47,'Snow Skiing',1,0);
INSERT INTO PUBLIC.T2K_SKILL (ID,NAME,CONTROLLINGATTRIBUTE_ID,SKILLGROUP_ID) VALUES(48,'Stealth',1,0);
INSERT INTO PUBLIC.T2K_SKILL (ID,NAME,CONTROLLINGATTRIBUTE_ID,SKILLGROUP_ID) VALUES(49,'Tac Missile',1,0);
INSERT INTO PUBLIC.T2K_SKILL (ID,NAME,CONTROLLINGATTRIBUTE_ID,SKILLGROUP_ID) VALUES(50,'Warhead',1,0);

--INT
INSERT INTO PUBLIC.T2K_SKILL (ID,NAME,CONTROLLINGATTRIBUTE_ID,SKILLGROUP_ID) VALUES(51,'Farming',3,0);
INSERT INTO PUBLIC.T2K_SKILL (ID,NAME,CONTROLLINGATTRIBUTE_ID,SKILLGROUP_ID) VALUES(52,'Forward Observer',3,0);
INSERT INTO PUBLIC.T2K_SKILL (ID,NAME,CONTROLLINGATTRIBUTE_ID,SKILLGROUP_ID) VALUES(53,'Navigation',3,0);
INSERT INTO PUBLIC.T2K_SKILL (ID,NAME,CONTROLLINGATTRIBUTE_ID,SKILLGROUP_ID) VALUES(54,'Observation',3,0);
INSERT INTO PUBLIC.T2K_SKILL (ID,NAME,CONTROLLINGATTRIBUTE_ID,SKILLGROUP_ID) VALUES(55,'Scrounging',3,0);
INSERT INTO PUBLIC.T2K_SKILL (ID,NAME,CONTROLLINGATTRIBUTE_ID,SKILLGROUP_ID) VALUES(56,'Survival',3,0);
INSERT INTO PUBLIC.T2K_SKILL (ID,NAME,CONTROLLINGATTRIBUTE_ID,SKILLGROUP_ID) VALUES(57,'Tracking',3,0);

--Language Skills
INSERT INTO PUBLIC.T2K_SKILL (ID,NAME,CONTROLLINGATTRIBUTE_ID,SKILLGROUP_ID,ASSOCIATEDVALUE_ID) VALUES(58,'Language(English)',5,3,57);
INSERT INTO PUBLIC.T2K_SKILL (ID,NAME,CONTROLLINGATTRIBUTE_ID,SKILLGROUP_ID,ASSOCIATEDVALUE_ID) VALUES(59,'Language(German)',5,3,58);
INSERT INTO PUBLIC.T2K_SKILL (ID,NAME,CONTROLLINGATTRIBUTE_ID,SKILLGROUP_ID,ASSOCIATEDVALUE_ID) VALUES(60,'Language(Dutch)',5,3,59);
INSERT INTO PUBLIC.T2K_SKILL (ID,NAME,CONTROLLINGATTRIBUTE_ID,SKILLGROUP_ID,ASSOCIATEDVALUE_ID) VALUES(61,'Language(Yiddish)',5,3,60);
INSERT INTO PUBLIC.T2K_SKILL (ID,NAME,CONTROLLINGATTRIBUTE_ID,SKILLGROUP_ID,ASSOCIATEDVALUE_ID) VALUES(62,'Language(Flemish)',5,3,61);
INSERT INTO PUBLIC.T2K_SKILL (ID,NAME,CONTROLLINGATTRIBUTE_ID,SKILLGROUP_ID,ASSOCIATEDVALUE_ID) VALUES(63,'Language(Danish)',5,3,62);
INSERT INTO PUBLIC.T2K_SKILL (ID,NAME,CONTROLLINGATTRIBUTE_ID,SKILLGROUP_ID,ASSOCIATEDVALUE_ID) VALUES(64,'Language(Swedish)',5,3,63);
INSERT INTO PUBLIC.T2K_SKILL (ID,NAME,CONTROLLINGATTRIBUTE_ID,SKILLGROUP_ID,ASSOCIATEDVALUE_ID) VALUES(65,'Language(Norwegian)',5,3,64);
INSERT INTO PUBLIC.T2K_SKILL (ID,NAME,CONTROLLINGATTRIBUTE_ID,SKILLGROUP_ID,ASSOCIATEDVALUE_ID) VALUES(66,'Language(Italian)',5,3,65);
INSERT INTO PUBLIC.T2K_SKILL (ID,NAME,CONTROLLINGATTRIBUTE_ID,SKILLGROUP_ID,ASSOCIATEDVALUE_ID) VALUES(67,'Language(Romanian)',5,3,66);
INSERT INTO PUBLIC.T2K_SKILL (ID,NAME,CONTROLLINGATTRIBUTE_ID,SKILLGROUP_ID,ASSOCIATEDVALUE_ID) VALUES(68,'Language(Spanish)',5,3,67);
INSERT INTO PUBLIC.T2K_SKILL (ID,NAME,CONTROLLINGATTRIBUTE_ID,SKILLGROUP_ID,ASSOCIATEDVALUE_ID) VALUES(69,'Language(French)',5,3,68);
INSERT INTO PUBLIC.T2K_SKILL (ID,NAME,CONTROLLINGATTRIBUTE_ID,SKILLGROUP_ID,ASSOCIATEDVALUE_ID) VALUES(70,'Language(Portuguese)',5,3,69);
INSERT INTO PUBLIC.T2K_SKILL (ID,NAME,CONTROLLINGATTRIBUTE_ID,SKILLGROUP_ID,ASSOCIATEDVALUE_ID) VALUES(71,'Language(Latin)',5,3,70);
INSERT INTO PUBLIC.T2K_SKILL (ID,NAME,CONTROLLINGATTRIBUTE_ID,SKILLGROUP_ID,ASSOCIATEDVALUE_ID) VALUES(72,'Language(Scots Gaelic)',5,3,71);
INSERT INTO PUBLIC.T2K_SKILL (ID,NAME,CONTROLLINGATTRIBUTE_ID,SKILLGROUP_ID,ASSOCIATEDVALUE_ID) VALUES(73,'Language(Irish)',5,3,72);
INSERT INTO PUBLIC.T2K_SKILL (ID,NAME,CONTROLLINGATTRIBUTE_ID,SKILLGROUP_ID,ASSOCIATEDVALUE_ID) VALUES(74,'Language(Welsh)',5,3,73);
INSERT INTO PUBLIC.T2K_SKILL (ID,NAME,CONTROLLINGATTRIBUTE_ID,SKILLGROUP_ID,ASSOCIATEDVALUE_ID) VALUES(75,'Language(Breton)',5,3,74);
INSERT INTO PUBLIC.T2K_SKILL (ID,NAME,CONTROLLINGATTRIBUTE_ID,SKILLGROUP_ID,ASSOCIATEDVALUE_ID) VALUES(76,'Language(Greek)',5,3,75);
INSERT INTO PUBLIC.T2K_SKILL (ID,NAME,CONTROLLINGATTRIBUTE_ID,SKILLGROUP_ID,ASSOCIATEDVALUE_ID) VALUES(77,'Language(Lithuanian)',5,3,76);
INSERT INTO PUBLIC.T2K_SKILL (ID,NAME,CONTROLLINGATTRIBUTE_ID,SKILLGROUP_ID,ASSOCIATEDVALUE_ID) VALUES(78,'Language(Latvian)',5,3,77);
INSERT INTO PUBLIC.T2K_SKILL (ID,NAME,CONTROLLINGATTRIBUTE_ID,SKILLGROUP_ID,ASSOCIATEDVALUE_ID) VALUES(79,'Language(Russian)',5,3,78);
INSERT INTO PUBLIC.T2K_SKILL (ID,NAME,CONTROLLINGATTRIBUTE_ID,SKILLGROUP_ID,ASSOCIATEDVALUE_ID) VALUES(80,'Language(Polish)',5,3,79);
INSERT INTO PUBLIC.T2K_SKILL (ID,NAME,CONTROLLINGATTRIBUTE_ID,SKILLGROUP_ID,ASSOCIATEDVALUE_ID) VALUES(81,'Language(Czech)',5,3,80);
INSERT INTO PUBLIC.T2K_SKILL (ID,NAME,CONTROLLINGATTRIBUTE_ID,SKILLGROUP_ID,ASSOCIATEDVALUE_ID) VALUES(82,'Language(Slovak)',5,3,81);
INSERT INTO PUBLIC.T2K_SKILL (ID,NAME,CONTROLLINGATTRIBUTE_ID,SKILLGROUP_ID,ASSOCIATEDVALUE_ID) VALUES(83,'Language(Serbo-Croat)',5,3,82);
INSERT INTO PUBLIC.T2K_SKILL (ID,NAME,CONTROLLINGATTRIBUTE_ID,SKILLGROUP_ID,ASSOCIATEDVALUE_ID) VALUES(84,'Language(Bulgarian)',5,3,83);
INSERT INTO PUBLIC.T2K_SKILL (ID,NAME,CONTROLLINGATTRIBUTE_ID,SKILLGROUP_ID,ASSOCIATEDVALUE_ID) VALUES(85,'Language(Slovenian)',5,3,84);
INSERT INTO PUBLIC.T2K_SKILL (ID,NAME,CONTROLLINGATTRIBUTE_ID,SKILLGROUP_ID,ASSOCIATEDVALUE_ID) VALUES(86,'Language(Macedonian)',5,3,85);
INSERT INTO PUBLIC.T2K_SKILL (ID,NAME,CONTROLLINGATTRIBUTE_ID,SKILLGROUP_ID,ASSOCIATEDVALUE_ID) VALUES(87,'Language(Albanian)',5,3,86);
INSERT INTO PUBLIC.T2K_SKILL (ID,NAME,CONTROLLINGATTRIBUTE_ID,SKILLGROUP_ID,ASSOCIATEDVALUE_ID) VALUES(88,'Language(Armenian)',5,3,87);
INSERT INTO PUBLIC.T2K_SKILL (ID,NAME,CONTROLLINGATTRIBUTE_ID,SKILLGROUP_ID,ASSOCIATEDVALUE_ID) VALUES(89,'Language(Hindi-Urdu)',5,3,88);
INSERT INTO PUBLIC.T2K_SKILL (ID,NAME,CONTROLLINGATTRIBUTE_ID,SKILLGROUP_ID,ASSOCIATEDVALUE_ID) VALUES(90,'Language(Bengali)',5,3,89);
INSERT INTO PUBLIC.T2K_SKILL (ID,NAME,CONTROLLINGATTRIBUTE_ID,SKILLGROUP_ID,ASSOCIATEDVALUE_ID) VALUES(91,'Language(Romany)',5,3,90);
INSERT INTO PUBLIC.T2K_SKILL (ID,NAME,CONTROLLINGATTRIBUTE_ID,SKILLGROUP_ID,ASSOCIATEDVALUE_ID) VALUES(92,'Language(Taijik)',5,3,91);
INSERT INTO PUBLIC.T2K_SKILL (ID,NAME,CONTROLLINGATTRIBUTE_ID,SKILLGROUP_ID,ASSOCIATEDVALUE_ID) VALUES(93,'Language(Farsi)',5,3,92);
INSERT INTO PUBLIC.T2K_SKILL (ID,NAME,CONTROLLINGATTRIBUTE_ID,SKILLGROUP_ID,ASSOCIATEDVALUE_ID) VALUES(94,'Language(Georgian)',5,3,93);
INSERT INTO PUBLIC.T2K_SKILL (ID,NAME,CONTROLLINGATTRIBUTE_ID,SKILLGROUP_ID,ASSOCIATEDVALUE_ID) VALUES(95,'Language(Mandarin)',5,3,94);
INSERT INTO PUBLIC.T2K_SKILL (ID,NAME,CONTROLLINGATTRIBUTE_ID,SKILLGROUP_ID,ASSOCIATEDVALUE_ID) VALUES(96,'Language(Cantonese)',5,3,95);
INSERT INTO PUBLIC.T2K_SKILL (ID,NAME,CONTROLLINGATTRIBUTE_ID,SKILLGROUP_ID,ASSOCIATEDVALUE_ID) VALUES(97,'Language(Thai)',5,3,96);
INSERT INTO PUBLIC.T2K_SKILL (ID,NAME,CONTROLLINGATTRIBUTE_ID,SKILLGROUP_ID,ASSOCIATEDVALUE_ID) VALUES(98,'Language(Burmese)',5,3,97);
INSERT INTO PUBLIC.T2K_SKILL (ID,NAME,CONTROLLINGATTRIBUTE_ID,SKILLGROUP_ID,ASSOCIATEDVALUE_ID) VALUES(99,'Language(Arabic)',5,3,98);
INSERT INTO PUBLIC.T2K_SKILL (ID,NAME,CONTROLLINGATTRIBUTE_ID,SKILLGROUP_ID,ASSOCIATEDVALUE_ID) VALUES(100,'Language(Hebrew)',5,3,99);
INSERT INTO PUBLIC.T2K_SKILL (ID,NAME,CONTROLLINGATTRIBUTE_ID,SKILLGROUP_ID,ASSOCIATEDVALUE_ID) VALUES(101,'Language(Berber)',5,3,100);
INSERT INTO PUBLIC.T2K_SKILL (ID,NAME,CONTROLLINGATTRIBUTE_ID,SKILLGROUP_ID,ASSOCIATEDVALUE_ID) VALUES(102,'Language(Hausa)',5,3,101);
INSERT INTO PUBLIC.T2K_SKILL (ID,NAME,CONTROLLINGATTRIBUTE_ID,SKILLGROUP_ID,ASSOCIATEDVALUE_ID) VALUES(103,'Language(Tamil)',5,3,102);
INSERT INTO PUBLIC.T2K_SKILL (ID,NAME,CONTROLLINGATTRIBUTE_ID,SKILLGROUP_ID,ASSOCIATEDVALUE_ID) VALUES(104,'Language(Japanese)',5,3,103);
INSERT INTO PUBLIC.T2K_SKILL (ID,NAME,CONTROLLINGATTRIBUTE_ID,SKILLGROUP_ID,ASSOCIATEDVALUE_ID) VALUES(105,'Language(Turkish)',5,3,104);
INSERT INTO PUBLIC.T2K_SKILL (ID,NAME,CONTROLLINGATTRIBUTE_ID,SKILLGROUP_ID,ASSOCIATEDVALUE_ID) VALUES(106,'Language(Azerbaijani)',5,3,105);
INSERT INTO PUBLIC.T2K_SKILL (ID,NAME,CONTROLLINGATTRIBUTE_ID,SKILLGROUP_ID,ASSOCIATEDVALUE_ID) VALUES(107,'Language(Uzbek)',5,3,106);
INSERT INTO PUBLIC.T2K_SKILL (ID,NAME,CONTROLLINGATTRIBUTE_ID,SKILLGROUP_ID,ASSOCIATEDVALUE_ID) VALUES(108,'Language(Kazakh)',5,3,107);
INSERT INTO PUBLIC.T2K_SKILL (ID,NAME,CONTROLLINGATTRIBUTE_ID,SKILLGROUP_ID,ASSOCIATEDVALUE_ID) VALUES(109,'Language(Tartar)',5,3,108);
INSERT INTO PUBLIC.T2K_SKILL (ID,NAME,CONTROLLINGATTRIBUTE_ID,SKILLGROUP_ID,ASSOCIATEDVALUE_ID) VALUES(110,'Language(Chuvash)',5,3,109);
INSERT INTO PUBLIC.T2K_SKILL (ID,NAME,CONTROLLINGATTRIBUTE_ID,SKILLGROUP_ID,ASSOCIATEDVALUE_ID) VALUES(111,'Language(Kirzig)',5,3,110);
INSERT INTO PUBLIC.T2K_SKILL (ID,NAME,CONTROLLINGATTRIBUTE_ID,SKILLGROUP_ID,ASSOCIATEDVALUE_ID) VALUES(112,'Language(Turkoman)',5,3,111);
INSERT INTO PUBLIC.T2K_SKILL (ID,NAME,CONTROLLINGATTRIBUTE_ID,SKILLGROUP_ID,ASSOCIATEDVALUE_ID) VALUES(113,'Language(Hungarian)',5,3,112);
INSERT INTO PUBLIC.T2K_SKILL (ID,NAME,CONTROLLINGATTRIBUTE_ID,SKILLGROUP_ID,ASSOCIATEDVALUE_ID) VALUES(114,'Language(Finnish)',5,3,113);
INSERT INTO PUBLIC.T2K_SKILL (ID,NAME,CONTROLLINGATTRIBUTE_ID,SKILLGROUP_ID,ASSOCIATEDVALUE_ID) VALUES(115,'Language(Estonian)',5,3,114);
INSERT INTO PUBLIC.T2K_SKILL (ID,NAME,CONTROLLINGATTRIBUTE_ID,SKILLGROUP_ID,ASSOCIATEDVALUE_ID) VALUES(116,'Language(Mordvinian)',5,3,115);
INSERT INTO PUBLIC.T2K_SKILL (ID,NAME,CONTROLLINGATTRIBUTE_ID,SKILLGROUP_ID,ASSOCIATEDVALUE_ID) VALUES(117,'Language(Vietnamese)',5,3,116);
INSERT INTO PUBLIC.T2K_SKILL (ID,NAME,CONTROLLINGATTRIBUTE_ID,SKILLGROUP_ID,ASSOCIATEDVALUE_ID) VALUES(118,'Language(Cambodian)',5,3,117);
INSERT INTO PUBLIC.T2K_SKILL (ID,NAME,CONTROLLINGATTRIBUTE_ID,SKILLGROUP_ID,ASSOCIATEDVALUE_ID) VALUES(119,'Language(Korean)',5,3,118);
INSERT INTO PUBLIC.T2K_SKILL (ID,NAME,CONTROLLINGATTRIBUTE_ID,SKILLGROUP_ID,ASSOCIATEDVALUE_ID) VALUES(120,'Language(Swahili)',5,3,119);
INSERT INTO PUBLIC.T2K_SKILL (ID,NAME,CONTROLLINGATTRIBUTE_ID,SKILLGROUP_ID,ASSOCIATEDVALUE_ID) VALUES(121,'Language(Malay-Indonesian)',5,3,120);
INSERT INTO PUBLIC.T2K_SKILL (ID,NAME,CONTROLLINGATTRIBUTE_ID,SKILLGROUP_ID,ASSOCIATEDVALUE_ID) VALUES(122,'Language(Maya)',5,3,121);
INSERT INTO PUBLIC.T2K_SKILL (ID,NAME,CONTROLLINGATTRIBUTE_ID,SKILLGROUP_ID,ASSOCIATEDVALUE_ID) VALUES(123,'Language(Navaho)',5,3,122);
INSERT INTO PUBLIC.T2K_SKILL (ID,NAME,CONTROLLINGATTRIBUTE_ID,SKILLGROUP_ID,ASSOCIATEDVALUE_ID) VALUES(124,'Language(Nahuati)',5,3,123);
COMMIT;

--Native Laguage
INSERT INTO PUBLIC.T2K_NATIVE_LANGUAGE (ID,TARGET_NUMBER,LANGUAGESKILL_ID) VALUES(0,20,58); 
INSERT INTO PUBLIC.T2K_NATIVE_LANGUAGE (ID,TARGET_NUMBER,LANGUAGESKILL_ID) VALUES(1,20,59); 
INSERT INTO PUBLIC.T2K_NATIVE_LANGUAGE (ID,TARGET_NUMBER,LANGUAGESKILL_ID) VALUES(2,20,60); 
INSERT INTO PUBLIC.T2K_NATIVE_LANGUAGE (ID,TARGET_NUMBER,LANGUAGESKILL_ID) VALUES(3,20,61); 
INSERT INTO PUBLIC.T2K_NATIVE_LANGUAGE (ID,TARGET_NUMBER,LANGUAGESKILL_ID) VALUES(4,20,62); 
INSERT INTO PUBLIC.T2K_NATIVE_LANGUAGE (ID,TARGET_NUMBER,LANGUAGESKILL_ID) VALUES(5,20,63); 
INSERT INTO PUBLIC.T2K_NATIVE_LANGUAGE (ID,TARGET_NUMBER,LANGUAGESKILL_ID) VALUES(6,20,64); 
INSERT INTO PUBLIC.T2K_NATIVE_LANGUAGE (ID,TARGET_NUMBER,LANGUAGESKILL_ID) VALUES(7,20,65); 
INSERT INTO PUBLIC.T2K_NATIVE_LANGUAGE (ID,TARGET_NUMBER,LANGUAGESKILL_ID) VALUES(8,20,66); 
INSERT INTO PUBLIC.T2K_NATIVE_LANGUAGE (ID,TARGET_NUMBER,LANGUAGESKILL_ID) VALUES(9,20,67); 
INSERT INTO PUBLIC.T2K_NATIVE_LANGUAGE (ID,TARGET_NUMBER,LANGUAGESKILL_ID) VALUES(10,20,68); 
INSERT INTO PUBLIC.T2K_NATIVE_LANGUAGE (ID,TARGET_NUMBER,LANGUAGESKILL_ID) VALUES(11,20,69); 
INSERT INTO PUBLIC.T2K_NATIVE_LANGUAGE (ID,TARGET_NUMBER,LANGUAGESKILL_ID) VALUES(12,20,70); 
INSERT INTO PUBLIC.T2K_NATIVE_LANGUAGE (ID,TARGET_NUMBER,LANGUAGESKILL_ID) VALUES(13,20,71); 
INSERT INTO PUBLIC.T2K_NATIVE_LANGUAGE (ID,TARGET_NUMBER,LANGUAGESKILL_ID) VALUES(14,20,72); 
INSERT INTO PUBLIC.T2K_NATIVE_LANGUAGE (ID,TARGET_NUMBER,LANGUAGESKILL_ID) VALUES(15,20,73); 
INSERT INTO PUBLIC.T2K_NATIVE_LANGUAGE (ID,TARGET_NUMBER,LANGUAGESKILL_ID) VALUES(16,20,74); 
INSERT INTO PUBLIC.T2K_NATIVE_LANGUAGE (ID,TARGET_NUMBER,LANGUAGESKILL_ID) VALUES(17,20,75); 
INSERT INTO PUBLIC.T2K_NATIVE_LANGUAGE (ID,TARGET_NUMBER,LANGUAGESKILL_ID) VALUES(18,20,76); 
INSERT INTO PUBLIC.T2K_NATIVE_LANGUAGE (ID,TARGET_NUMBER,LANGUAGESKILL_ID) VALUES(19,20,77); 
INSERT INTO PUBLIC.T2K_NATIVE_LANGUAGE (ID,TARGET_NUMBER,LANGUAGESKILL_ID) VALUES(20,20,78); 
INSERT INTO PUBLIC.T2K_NATIVE_LANGUAGE (ID,TARGET_NUMBER,LANGUAGESKILL_ID) VALUES(21,20,79); 
INSERT INTO PUBLIC.T2K_NATIVE_LANGUAGE (ID,TARGET_NUMBER,LANGUAGESKILL_ID) VALUES(22,20,80); 
INSERT INTO PUBLIC.T2K_NATIVE_LANGUAGE (ID,TARGET_NUMBER,LANGUAGESKILL_ID) VALUES(23,20,81); 
INSERT INTO PUBLIC.T2K_NATIVE_LANGUAGE (ID,TARGET_NUMBER,LANGUAGESKILL_ID) VALUES(24,20,82); 
INSERT INTO PUBLIC.T2K_NATIVE_LANGUAGE (ID,TARGET_NUMBER,LANGUAGESKILL_ID) VALUES(25,20,83); 
INSERT INTO PUBLIC.T2K_NATIVE_LANGUAGE (ID,TARGET_NUMBER,LANGUAGESKILL_ID) VALUES(26,20,84); 
INSERT INTO PUBLIC.T2K_NATIVE_LANGUAGE (ID,TARGET_NUMBER,LANGUAGESKILL_ID) VALUES(27,20,85); 
INSERT INTO PUBLIC.T2K_NATIVE_LANGUAGE (ID,TARGET_NUMBER,LANGUAGESKILL_ID) VALUES(28,20,86); 
INSERT INTO PUBLIC.T2K_NATIVE_LANGUAGE (ID,TARGET_NUMBER,LANGUAGESKILL_ID) VALUES(29,20,87); 
INSERT INTO PUBLIC.T2K_NATIVE_LANGUAGE (ID,TARGET_NUMBER,LANGUAGESKILL_ID) VALUES(30,20,88); 
INSERT INTO PUBLIC.T2K_NATIVE_LANGUAGE (ID,TARGET_NUMBER,LANGUAGESKILL_ID) VALUES(31,20,89); 
INSERT INTO PUBLIC.T2K_NATIVE_LANGUAGE (ID,TARGET_NUMBER,LANGUAGESKILL_ID) VALUES(32,20,90); 
INSERT INTO PUBLIC.T2K_NATIVE_LANGUAGE (ID,TARGET_NUMBER,LANGUAGESKILL_ID) VALUES(33,20,91); 
INSERT INTO PUBLIC.T2K_NATIVE_LANGUAGE (ID,TARGET_NUMBER,LANGUAGESKILL_ID) VALUES(34,20,92); 
INSERT INTO PUBLIC.T2K_NATIVE_LANGUAGE (ID,TARGET_NUMBER,LANGUAGESKILL_ID) VALUES(35,20,93); 
INSERT INTO PUBLIC.T2K_NATIVE_LANGUAGE (ID,TARGET_NUMBER,LANGUAGESKILL_ID) VALUES(36,20,94); 
INSERT INTO PUBLIC.T2K_NATIVE_LANGUAGE (ID,TARGET_NUMBER,LANGUAGESKILL_ID) VALUES(37,20,95); 
INSERT INTO PUBLIC.T2K_NATIVE_LANGUAGE (ID,TARGET_NUMBER,LANGUAGESKILL_ID) VALUES(38,20,96); 
INSERT INTO PUBLIC.T2K_NATIVE_LANGUAGE (ID,TARGET_NUMBER,LANGUAGESKILL_ID) VALUES(39,20,97); 
INSERT INTO PUBLIC.T2K_NATIVE_LANGUAGE (ID,TARGET_NUMBER,LANGUAGESKILL_ID) VALUES(40,20,98); 
INSERT INTO PUBLIC.T2K_NATIVE_LANGUAGE (ID,TARGET_NUMBER,LANGUAGESKILL_ID) VALUES(41,20,99); 
INSERT INTO PUBLIC.T2K_NATIVE_LANGUAGE (ID,TARGET_NUMBER,LANGUAGESKILL_ID) VALUES(42,20,100); 
INSERT INTO PUBLIC.T2K_NATIVE_LANGUAGE (ID,TARGET_NUMBER,LANGUAGESKILL_ID) VALUES(43,20,101); 
INSERT INTO PUBLIC.T2K_NATIVE_LANGUAGE (ID,TARGET_NUMBER,LANGUAGESKILL_ID) VALUES(44,20,102); 
INSERT INTO PUBLIC.T2K_NATIVE_LANGUAGE (ID,TARGET_NUMBER,LANGUAGESKILL_ID) VALUES(45,20,103); 
INSERT INTO PUBLIC.T2K_NATIVE_LANGUAGE (ID,TARGET_NUMBER,LANGUAGESKILL_ID) VALUES(46,20,104); 
INSERT INTO PUBLIC.T2K_NATIVE_LANGUAGE (ID,TARGET_NUMBER,LANGUAGESKILL_ID) VALUES(47,20,105); 
INSERT INTO PUBLIC.T2K_NATIVE_LANGUAGE (ID,TARGET_NUMBER,LANGUAGESKILL_ID) VALUES(48,20,106); 
INSERT INTO PUBLIC.T2K_NATIVE_LANGUAGE (ID,TARGET_NUMBER,LANGUAGESKILL_ID) VALUES(49,20,107); 
INSERT INTO PUBLIC.T2K_NATIVE_LANGUAGE (ID,TARGET_NUMBER,LANGUAGESKILL_ID) VALUES(50,20,108); 
INSERT INTO PUBLIC.T2K_NATIVE_LANGUAGE (ID,TARGET_NUMBER,LANGUAGESKILL_ID) VALUES(51,20,109); 
INSERT INTO PUBLIC.T2K_NATIVE_LANGUAGE (ID,TARGET_NUMBER,LANGUAGESKILL_ID) VALUES(52,20,110); 
INSERT INTO PUBLIC.T2K_NATIVE_LANGUAGE (ID,TARGET_NUMBER,LANGUAGESKILL_ID) VALUES(53,20,111); 
INSERT INTO PUBLIC.T2K_NATIVE_LANGUAGE (ID,TARGET_NUMBER,LANGUAGESKILL_ID) VALUES(54,20,112); 
INSERT INTO PUBLIC.T2K_NATIVE_LANGUAGE (ID,TARGET_NUMBER,LANGUAGESKILL_ID) VALUES(55,20,113); 
INSERT INTO PUBLIC.T2K_NATIVE_LANGUAGE (ID,TARGET_NUMBER,LANGUAGESKILL_ID) VALUES(56,20,114); 
INSERT INTO PUBLIC.T2K_NATIVE_LANGUAGE (ID,TARGET_NUMBER,LANGUAGESKILL_ID) VALUES(57,20,115); 
INSERT INTO PUBLIC.T2K_NATIVE_LANGUAGE (ID,TARGET_NUMBER,LANGUAGESKILL_ID) VALUES(58,20,116); 
INSERT INTO PUBLIC.T2K_NATIVE_LANGUAGE (ID,TARGET_NUMBER,LANGUAGESKILL_ID) VALUES(59,20,117); 
INSERT INTO PUBLIC.T2K_NATIVE_LANGUAGE (ID,TARGET_NUMBER,LANGUAGESKILL_ID) VALUES(60,20,118); 
INSERT INTO PUBLIC.T2K_NATIVE_LANGUAGE (ID,TARGET_NUMBER,LANGUAGESKILL_ID) VALUES(61,20,119); 
INSERT INTO PUBLIC.T2K_NATIVE_LANGUAGE (ID,TARGET_NUMBER,LANGUAGESKILL_ID) VALUES(62,20,120); 
INSERT INTO PUBLIC.T2K_NATIVE_LANGUAGE (ID,TARGET_NUMBER,LANGUAGESKILL_ID) VALUES(63,20,121); 
INSERT INTO PUBLIC.T2K_NATIVE_LANGUAGE (ID,TARGET_NUMBER,LANGUAGESKILL_ID) VALUES(64,20,122); 
INSERT INTO PUBLIC.T2K_NATIVE_LANGUAGE (ID,TARGET_NUMBER,LANGUAGESKILL_ID) VALUES(65,20,123); 
INSERT INTO PUBLIC.T2K_NATIVE_LANGUAGE (ID,TARGET_NUMBER,LANGUAGESKILL_ID) VALUES(66,20,124); 
--Secondary Languages
--American
INSERT INTO PUBLIC.T2K_NATIVE_LANGUAGE (ID,TARGET_NUMBER,LANGUAGESKILL_ID) VALUES(67,2,68); 
INSERT INTO PUBLIC.T2K_NATIVE_LANGUAGE (ID,TARGET_NUMBER,LANGUAGESKILL_ID) VALUES(68,1,59); 
INSERT INTO PUBLIC.T2K_NATIVE_LANGUAGE (ID,TARGET_NUMBER,LANGUAGESKILL_ID) VALUES(69,1,66); 
INSERT INTO PUBLIC.T2K_NATIVE_LANGUAGE (ID,TARGET_NUMBER,LANGUAGESKILL_ID) VALUES(70,1,80); 
INSERT INTO PUBLIC.T2K_NATIVE_LANGUAGE (ID,TARGET_NUMBER,LANGUAGESKILL_ID) VALUES(71,1,61); 
--Welsh
INSERT INTO PUBLIC.T2K_NATIVE_LANGUAGE (ID,TARGET_NUMBER,LANGUAGESKILL_ID) VALUES(72,2,74); 
--Scottish
INSERT INTO PUBLIC.T2K_NATIVE_LANGUAGE (ID,TARGET_NUMBER,LANGUAGESKILL_ID) VALUES(73,3,72); 
--Irish
INSERT INTO PUBLIC.T2K_NATIVE_LANGUAGE (ID,TARGET_NUMBER,LANGUAGESKILL_ID) VALUES(74,2,73); 
--Anglo-Canadian
INSERT INTO PUBLIC.T2K_NATIVE_LANGUAGE (ID,TARGET_NUMBER,LANGUAGESKILL_ID) VALUES(75,3,69); 
--French-Canadian
INSERT INTO PUBLIC.T2K_NATIVE_LANGUAGE (ID,TARGET_NUMBER,LANGUAGESKILL_ID) VALUES(76,3,58); 
--Hungarian
INSERT INTO PUBLIC.T2K_NATIVE_LANGUAGE (ID,TARGET_NUMBER,LANGUAGESKILL_ID) VALUES(77,1,91); 
--Czech & Slovak
INSERT INTO PUBLIC.T2K_NATIVE_LANGUAGE (ID,TARGET_NUMBER,LANGUAGESKILL_ID) VALUES(78,2,82); 
INSERT INTO PUBLIC.T2K_NATIVE_LANGUAGE (ID,TARGET_NUMBER,LANGUAGESKILL_ID) VALUES(79,1,113); 
INSERT INTO PUBLIC.T2K_NATIVE_LANGUAGE (ID,TARGET_NUMBER,LANGUAGESKILL_ID) VALUES(80,1,91); 
INSERT INTO PUBLIC.T2K_NATIVE_LANGUAGE (ID,TARGET_NUMBER,LANGUAGESKILL_ID) VALUES(81,8,82); 

--Nationality-Native Language
--American
INSERT INTO PUBLIC.T2K_NATIONALITY_T2K_NATIVE_LANGUAGE (T2KNATIONALITY_ID,NATIVELANGUAGES_ID) VALUES (0,0);
INSERT INTO PUBLIC.T2K_NATIONALITY_T2K_NATIVE_LANGUAGE (T2KNATIONALITY_ID,NATIVELANGUAGES_ID) VALUES (0,67);
INSERT INTO PUBLIC.T2K_NATIONALITY_T2K_NATIVE_LANGUAGE (T2KNATIONALITY_ID,NATIVELANGUAGES_ID) VALUES (0,68);
INSERT INTO PUBLIC.T2K_NATIONALITY_T2K_NATIVE_LANGUAGE (T2KNATIONALITY_ID,NATIVELANGUAGES_ID) VALUES (0,69);
INSERT INTO PUBLIC.T2K_NATIONALITY_T2K_NATIVE_LANGUAGE (T2KNATIONALITY_ID,NATIVELANGUAGES_ID) VALUES (0,70);
INSERT INTO PUBLIC.T2K_NATIONALITY_T2K_NATIVE_LANGUAGE (T2KNATIONALITY_ID,NATIVELANGUAGES_ID) VALUES (0,71);
--English
INSERT INTO PUBLIC.T2K_NATIONALITY_T2K_NATIVE_LANGUAGE (T2KNATIONALITY_ID,NATIVELANGUAGES_ID) VALUES (1,0);
--Welsh
INSERT INTO PUBLIC.T2K_NATIONALITY_T2K_NATIVE_LANGUAGE (T2KNATIONALITY_ID,NATIVELANGUAGES_ID) VALUES (2,0);
INSERT INTO PUBLIC.T2K_NATIONALITY_T2K_NATIVE_LANGUAGE (T2KNATIONALITY_ID,NATIVELANGUAGES_ID) VALUES (2,72);
--Scottish
INSERT INTO PUBLIC.T2K_NATIONALITY_T2K_NATIVE_LANGUAGE (T2KNATIONALITY_ID,NATIVELANGUAGES_ID) VALUES (3,0);
INSERT INTO PUBLIC.T2K_NATIONALITY_T2K_NATIVE_LANGUAGE (T2KNATIONALITY_ID,NATIVELANGUAGES_ID) VALUES (3,73);
--Irish
INSERT INTO PUBLIC.T2K_NATIONALITY_T2K_NATIVE_LANGUAGE (T2KNATIONALITY_ID,NATIVELANGUAGES_ID) VALUES (4,0);
INSERT INTO PUBLIC.T2K_NATIONALITY_T2K_NATIVE_LANGUAGE (T2KNATIONALITY_ID,NATIVELANGUAGES_ID) VALUES (4,74);
--Anglo-Canadian
INSERT INTO PUBLIC.T2K_NATIONALITY_T2K_NATIVE_LANGUAGE (T2KNATIONALITY_ID,NATIVELANGUAGES_ID) VALUES (5,0);
INSERT INTO PUBLIC.T2K_NATIONALITY_T2K_NATIVE_LANGUAGE (T2KNATIONALITY_ID,NATIVELANGUAGES_ID) VALUES (5,75);
--French-Canadian
INSERT INTO PUBLIC.T2K_NATIONALITY_T2K_NATIVE_LANGUAGE (T2KNATIONALITY_ID,NATIVELANGUAGES_ID) VALUES (6,11);
INSERT INTO PUBLIC.T2K_NATIONALITY_T2K_NATIVE_LANGUAGE (T2KNATIONALITY_ID,NATIVELANGUAGES_ID) VALUES (6,76);
--German
INSERT INTO PUBLIC.T2K_NATIONALITY_T2K_NATIVE_LANGUAGE (T2KNATIONALITY_ID,NATIVELANGUAGES_ID) VALUES (7,1);
--Danish
INSERT INTO PUBLIC.T2K_NATIONALITY_T2K_NATIVE_LANGUAGE (T2KNATIONALITY_ID,NATIVELANGUAGES_ID) VALUES (8,2);
--Polish
INSERT INTO PUBLIC.T2K_NATIONALITY_T2K_NATIVE_LANGUAGE (T2KNATIONALITY_ID,NATIVELANGUAGES_ID) VALUES (9,22);
--Hungarian
INSERT INTO PUBLIC.T2K_NATIONALITY_T2K_NATIVE_LANGUAGE (T2KNATIONALITY_ID,NATIVELANGUAGES_ID) VALUES (10,55);
INSERT INTO PUBLIC.T2K_NATIONALITY_T2K_NATIVE_LANGUAGE (T2KNATIONALITY_ID,NATIVELANGUAGES_ID) VALUES (10,68);
INSERT INTO PUBLIC.T2K_NATIONALITY_T2K_NATIVE_LANGUAGE (T2KNATIONALITY_ID,NATIVELANGUAGES_ID) VALUES (10,80);
--Czech
INSERT INTO PUBLIC.T2K_NATIONALITY_T2K_NATIVE_LANGUAGE (T2KNATIONALITY_ID,NATIVELANGUAGES_ID) VALUES (11,23);
INSERT INTO PUBLIC.T2K_NATIONALITY_T2K_NATIVE_LANGUAGE (T2KNATIONALITY_ID,NATIVELANGUAGES_ID) VALUES (11,78);
INSERT INTO PUBLIC.T2K_NATIONALITY_T2K_NATIVE_LANGUAGE (T2KNATIONALITY_ID,NATIVELANGUAGES_ID) VALUES (11,79);
INSERT INTO PUBLIC.T2K_NATIONALITY_T2K_NATIVE_LANGUAGE (T2KNATIONALITY_ID,NATIVELANGUAGES_ID) VALUES (11,80);
--Slovak
INSERT INTO PUBLIC.T2K_NATIONALITY_T2K_NATIVE_LANGUAGE (T2KNATIONALITY_ID,NATIVELANGUAGES_ID) VALUES (12,23);
INSERT INTO PUBLIC.T2K_NATIONALITY_T2K_NATIVE_LANGUAGE (T2KNATIONALITY_ID,NATIVELANGUAGES_ID) VALUES (12,81);
INSERT INTO PUBLIC.T2K_NATIONALITY_T2K_NATIVE_LANGUAGE (T2KNATIONALITY_ID,NATIVELANGUAGES_ID) VALUES (12,79);
INSERT INTO PUBLIC.T2K_NATIONALITY_T2K_NATIVE_LANGUAGE (T2KNATIONALITY_ID,NATIVELANGUAGES_ID) VALUES (12,80);
--Russian
INSERT INTO PUBLIC.T2K_NATIONALITY_T2K_NATIVE_LANGUAGE (T2KNATIONALITY_ID,NATIVELANGUAGES_ID) VALUES (13,21);
--Soviet Nationalities
--TODO: Set up these native languages properly
INSERT INTO PUBLIC.T2K_NATIONALITY_T2K_NATIVE_LANGUAGE (T2KNATIONALITY_ID,NATIVELANGUAGES_ID) VALUES (14,21); --Azerbaijani
INSERT INTO PUBLIC.T2K_NATIONALITY_T2K_NATIVE_LANGUAGE (T2KNATIONALITY_ID,NATIVELANGUAGES_ID) VALUES (15,21); --Ukrainian
INSERT INTO PUBLIC.T2K_NATIONALITY_T2K_NATIVE_LANGUAGE (T2KNATIONALITY_ID,NATIVELANGUAGES_ID) VALUES (16,21); --Byelorussian
INSERT INTO PUBLIC.T2K_NATIONALITY_T2K_NATIVE_LANGUAGE (T2KNATIONALITY_ID,NATIVELANGUAGES_ID) VALUES (17,21); --Georgian
INSERT INTO PUBLIC.T2K_NATIONALITY_T2K_NATIVE_LANGUAGE (T2KNATIONALITY_ID,NATIVELANGUAGES_ID) VALUES (18,21); --Uzbek
INSERT INTO PUBLIC.T2K_NATIONALITY_T2K_NATIVE_LANGUAGE (T2KNATIONALITY_ID,NATIVELANGUAGES_ID) VALUES (19,21); --Lithuanian
INSERT INTO PUBLIC.T2K_NATIONALITY_T2K_NATIVE_LANGUAGE (T2KNATIONALITY_ID,NATIVELANGUAGES_ID) VALUES (20,21); --Romanian
INSERT INTO PUBLIC.T2K_NATIONALITY_T2K_NATIVE_LANGUAGE (T2KNATIONALITY_ID,NATIVELANGUAGES_ID) VALUES (21,21); --Latvian
INSERT INTO PUBLIC.T2K_NATIONALITY_T2K_NATIVE_LANGUAGE (T2KNATIONALITY_ID,NATIVELANGUAGES_ID) VALUES (22,21); --Kazakh
INSERT INTO PUBLIC.T2K_NATIONALITY_T2K_NATIVE_LANGUAGE (T2KNATIONALITY_ID,NATIVELANGUAGES_ID) VALUES (23,21); --Chuvash
INSERT INTO PUBLIC.T2K_NATIONALITY_T2K_NATIVE_LANGUAGE (T2KNATIONALITY_ID,NATIVELANGUAGES_ID) VALUES (24,21); --Armenian
INSERT INTO PUBLIC.T2K_NATIONALITY_T2K_NATIVE_LANGUAGE (T2KNATIONALITY_ID,NATIVELANGUAGES_ID) VALUES (25,21); --Estonian
INSERT INTO PUBLIC.T2K_NATIONALITY_T2K_NATIVE_LANGUAGE (T2KNATIONALITY_ID,NATIVELANGUAGES_ID) VALUES (26,21); --Kirgiz
INSERT INTO PUBLIC.T2K_NATIONALITY_T2K_NATIVE_LANGUAGE (T2KNATIONALITY_ID,NATIVELANGUAGES_ID) VALUES (27,21); --Tartar
INSERT INTO PUBLIC.T2K_NATIONALITY_T2K_NATIVE_LANGUAGE (T2KNATIONALITY_ID,NATIVELANGUAGES_ID) VALUES (28,21); --Mordvinian
INSERT INTO PUBLIC.T2K_NATIONALITY_T2K_NATIVE_LANGUAGE (T2KNATIONALITY_ID,NATIVELANGUAGES_ID) VALUES (29,21); --Taijik
INSERT INTO PUBLIC.T2K_NATIONALITY_T2K_NATIVE_LANGUAGE (T2KNATIONALITY_ID,NATIVELANGUAGES_ID) VALUES (30,21); --Turkoman
COMMIT;

CHECKPOINT;

